temp_coef,rain_coef
-22.36542126985271,-827.5870462894023
121.86852528286532,1237.2101068394318
-139.94726337998296,-752.7026901992228
105.84987157104396,342.07886610291604
-158.27805587802848,-1405.0210945988172
-17.00563900716435,-1518.556846886136
6.889559263293492,-2803.63595225664
82.8773234646452,1595.2779994919563
-10.752968362543333,4325.304986118346
-48.3281669910858,-3674.726215133848
-65.87978711753196,1085.4711948506836
12.139303222601054,2022.9307171273176
15.776491509570093,4420.015696171941
81.72153974611815,-2366.9893139559376
-74.97925701452661,-1934.9517435433174
20.743612433460868,3025.69862663331
-47.73082547776787,2637.7598743865633
-54.14719466583863,1413.5282548673154
-17.4718447578623,-665.027352033309
-57.421233467218286,-3822.400351067109
34.02306190139123,628.3877367908467
44.40659680542053,-129.73974444955905
2.3136996829187657,-1016.5250168439406
23.931653236757178,2023.9242607006486
65.24031003993615,-1312.4193148388588
52.18087346036055,4954.168306773122
-199.70977632060755,1000.7414295479612
-91.35897936538693,-1515.482690913494
-80.08430333491286,1324.7779908165492
-27.293673949124845,-1134.7530690858973
41.9145089024546,3108.752208921519
-29.147662185271862,4105.888493909518
79.48549321214816,-2194.0907031733027
-3.3153443556070616,1694.4830228778405
73.16498574819576,-662.591023949491
135.6187497771169,4107.859749486391
-16.87301769731293,1521.4067722153625
58.44642105433291,-2925.0894161543097
-41.710255314366385,2755.3957394131294
-25.999100845926755,-726.7839014699309
-121.95795588562302,347.6223896766894
-106.05928619132607,-1226.4459308917412
8.22319062634937,-1659.5667752670283
32.78209284489512,1857.951307212085
60.8664822243006,3246.392414341803
57.9121864922199,4256.005166351597
-28.101643113213285,364.1342284895106
35.89730621435894,-32.192876302026576
-43.29986396941279,2413.7742386789455
-111.13535051265262,2050.3493689573634
-134.25615113448862,-1108.7374508891692
-55.52166474441867,-3178.863481889759
-48.06563630502205,1375.920578376913
73.95976096697554,734.5586213297909
-47.939696475637774,-3176.7831552016382
-127.09124405739973,-1042.8866988097448
39.49261308508912,997.8527548154034
-47.66593499167629,-3186.426166747001
-19.613227002252923,-649.5126286033612
-22.81847220810684,558.5273128640869
-18.405119083877594,764.4910201965538
-77.70510234241463,-3024.4629280580884
-90.21395320354287,-2967.4467700722616
-4.365130463797529,-466.45177427701225
26.46527871399273,-2635.573360252153
8.871787366981936,2737.775550877085
104.03396748176144,1773.24886863097
10.300835226147466,-566.5740788544036
-120.48559098331557,-475.2766553786489
80.92578918379819,903.2649405912501
6.625572764650977,888.7424007532461
41.07249673904019,1051.7551470059477
2.3909309382167514,-2736.4556436699563
-43.22692600934904,2817.584551858279
21.66802532176962,819.4347906050018
42.13321821130116,1194.1176763533217
6.538698737407348,515.1825050176775
-62.0065770257724,-333.7812146613175
38.25009319160915,-290.8310658516565
20.864991775701156,-170.37973859817478
22.1099793908856,1894.6702667422405
90.79402197757322,-1604.1979128325886
1.962953030176684,43.124109400916296
112.81988358246026,2826.6945034881305
66.35877825524898,2999.956551201037
46.77952978082693,475.3511258849859
-74.30006037157571,-1238.2738367381917
-13.485099445266243,541.6585865991281
-19.02495021093565,-529.8459936780033
-21.372727904195,2869.36251737116
24.215259304829065,-474.2144223712846
51.2330691681268,731.4493764115331
10.292852666799295,-1591.8154491458279
-18.368817347224642,-2867.045333260931
23.714713929020604,2138.2180000156172
-20.215855048535865,-2973.6511034178984
1.0423535585882497,860.3738566737677
39.58771803619635,1060.1973757118694
-47.762761446876524,256.043725114615
-88.47124313396715,-3333.1526907791554
-147.32063030222636,-1700.0959271363893
-3.3480156442357654,-28.46555499665672
38.75095110170324,-1168.3284520032662
19.329308329441382,-3545.831261674188
-24.64408866386372,1847.0255880445598
64.71876110770218,5012.959998509725
-24.082219174005527,4044.59783452076
93.3249641224737,3825.6972466697075
-32.24552898575365,-2906.756730820772
-96.7745063725479,-1295.112935048752
27.536655767697518,-2548.1476923647333
-59.26311635344945,-1278.1443387824515
86.5223256630313,-2540.3544432196527
0.5615695479335958,-603.4040307490393
-51.66980407801482,-424.6663492314822
49.25866753726712,196.139043753156
9.574272163929212,-2824.7617835745295
58.6759645151218,318.6490417090542
-9.896809705950261,-210.08398798364556
-34.64448284403706,2668.2557662341305
-56.26164861149242,-3448.8414375986968
78.69611113819936,-1639.55412401603
97.82060782906403,3503.2702610717324
21.470757864538964,4520.294798089717
-57.23978511217531,2833.9964930795313
-49.620051172825654,-390.62004195457894
30.48226637353351,-2408.4999304138482
-42.823224651717815,-1654.79304354838
7.483781783918533,904.9371016152123
0.8093279891817522,526.6221995161643
94.59839870412175,-131.26069706463818
81.88049278681522,-2379.887159006378
38.94918371760883,536.1333001450574
-8.019951338448283,379.69095428176627
87.86555072544638,1970.7812012018185
-98.50579982360637,-417.62373311904634
42.43617934665045,1947.2997981679785
-19.825964817000745,-1497.0451346300908
134.39585742735392,390.5763754582725
-25.846975380600895,-63.50624777940556
-82.43519919387289,-361.5453858381606
-21.47587886549514,-2914.6691403776676
-107.5991799081242,799.8397076548846
76.43552095974725,-62.257030545180875
72.86013431510169,1253.815200567788
21.229865706682276,-602.2093778754042
-91.46254708658336,-2775.9861832681518
29.448240410066592,-3427.873864904086
27.65874572574491,3080.811552210405
-93.14077927040256,-3231.134129079665
44.98618825179113,3025.4462238924943
-50.630166676275174,-2308.237320623724
-16.785327346569183,-2101.7878692528634
42.223933419709994,-1774.254883981865
-33.16575173161466,-1428.5351121283286
-21.28599118121101,-453.11857432706995
17.118349114908042,-2637.847701834645
-51.28896734296823,1338.584553446593
-23.57948679603721,865.5256920405257
-102.95714653185456,-1211.3460972283738
-99.04957192792695,-3022.671276308171
162.706042704376,5486.55531978419
48.750486118763504,1806.6840961525268
-187.79813952744107,2773.216653946988
-21.812283699731392,2609.2551750920925
-73.49960683414787,917.702389686295
1.0704084552338209,-680.6092600922467
38.5411191680255,-92.28931483834508
-153.429167578637,-2806.3644506347073
42.82920807709583,759.5046137325021
-75.02433700691458,196.87172359880034
70.59271855341245,1650.498104580921
41.534419497253346,2097.2846620595806
-70.37607230596285,-466.35351630419393
15.513360690402884,-743.559491309529
-91.20121901354412,-1126.3329437394461
124.94018423258795,-2037.4743592193868
-12.112069499239652,-1814.4518843851783
16.227454076734123,-641.6775925728581
19.78050416219059,-544.2361764480513
3.718147053501451,1737.6849778482201
-5.817247304576014,4214.974439521882
81.81491065146542,2192.850071632393
34.71426567425998,928.1299058387095
-32.852979608067855,-936.464623680254
-113.19306414637464,467.7599258338624
27.09307233183861,593.8971900179818
32.488326957932074,-135.1954470112787
-67.8858488891177,270.54883467606777
24.026682654665215,-1314.82998147609
3.0238749140927825,-829.8990264248009
-12.915996796014827,810.8824083091266
87.3111328478515,414.70134800162765
93.20707386919203,-3168.3306839571205
44.77524764675719,598.0435667432685
-163.49409861070387,-147.6427877193435
14.45782732921046,2811.721617686743
-47.322030019233715,-723.6178350712669
-73.8319469022411,3819.104842832744
-0.08916911994245602,885.607259206919
-80.74145325850569,-23.755277088318532
-52.250940871306774,465.80629993471103
-80.74008645835826,-3887.701328378548
-86.58447398809022,151.82515056152403
60.155276896252325,-3193.544835219498
-29.38231519722079,-433.786939174397
-49.37459312051021,-3851.9508885713376
-75.08478335514583,-1233.3377642424991
-170.69236297878004,-1620.3777350961407
-36.08876236111337,613.4168106739417
-55.37031287224703,877.7220172749127
71.09597407723126,-2665.2440571502334
112.72824932614238,1702.7771360522909
16.240674224943852,2868.5970828345667
35.450941588371286,3180.9734378988437
-73.51043089366134,2508.5764875128802
61.1158958945132,387.57748909939914
21.690748791287284,-2782.313260871727
11.15586866758964,-963.71671931582
19.58668364213993,-662.1024174666541
-38.55531529682907,1240.1559951823276
-45.24722292842942,-164.76060677373567
-20.09463537262897,908.8708394634726
32.00458706255319,1779.555353905905
-28.28983706487783,121.33265111873077
-65.64675903021553,-333.1013646333113
8.869592796254091,-3214.813797019434
-40.94242495986395,1370.9269833171527
-63.59778077911977,-1349.6235748770157
-57.37709516292445,110.60698830150716
-13.54560274609117,-3054.7741001918434
75.07503402547572,-500.3720190165262
-27.450259721812586,1180.7899894837353
-75.44034670530435,506.47779050101497
-1.7429392014570908,-3548.5723239217446
53.74471986756104,-2347.06582946496
103.48794934195175,750.7891444987322
-54.44732700746479,-1203.1352451992161
90.80972183657647,2419.7573784229103
-34.71540159894315,-2707.01821237501
38.89788476298679,4586.796238973236
-0.3139701481270567,4444.850555753213
39.995302404842505,1242.570396291133
-68.16068163079508,261.2090371448954
-141.20663158783594,2858.507068370496
-68.3560853325455,1133.4379436258062
-41.733397940595985,4037.6036041298644
-171.1628377720428,-1935.0657230152074
81.25199723417619,1837.5065519981683
-41.870916986176056,-3735.653184121602
-21.55023102452148,-564.2326386507151
-71.73303695352226,2681.319096903687
-22.516352478059993,-413.2859329077596
112.04397729384183,2710.922561532467
-13.437016535881018,647.6695771097277
11.499530357105833,-294.94481055882136
19.249791843709602,-2892.0700935044047
-42.671513694141524,-1805.2790951088894
63.96745585362662,-277.2136087007573
-138.5851973490273,34.63965823738744
58.35878364801706,-2494.410104908536
76.32508106911625,2045.5093899987082
69.82096796567042,-3313.571453873114
-45.85706701911421,4088.204992556616
-76.91801114097505,2550.110624722714
195.13847084853083,-1742.7982280403703
-4.572448384226512,1527.9975217417323
-89.56264938415242,1720.875581495349
-123.27562768025439,-1350.7771237300324
34.97687505646532,4721.825902246576
69.93421535880935,-242.18348669520984
40.935810696084786,635.4471688400105
44.0462941360069,1131.4356727696922
49.26612277690062,1392.4249565009445
42.13610907179935,-2234.273898220252
-90.8911947619061,1482.2679801990594
33.28614510644083,-58.59712521038796
-11.309728824833801,-3574.133482246838
45.51480658933032,4498.11191724247
162.93796793983984,317.0726134060915
-48.239463530632136,-542.5307733464745
11.407394611725449,-205.2349819125372
-121.00323213550917,-251.49814555259988
-13.462238075208813,2700.8611057273383
-74.22934075444753,2614.709035991785
-1.6904071377930645,-2955.947701948456
85.98634717894642,-51.747094313017456
-117.43433234299775,860.4313034230169
-26.43649645945711,1604.3585108948055
-121.11346991286464,-1374.1850677758064
-45.13991782155042,-65.33523598211193
-23.56447321551604,-2318.7762906065464
-49.29219433956581,-1033.8934584540152
47.986639723810185,-2658.2556042891724
42.978536016722714,-3017.866051404424
2.0497370025761104,-3591.6142722424183
81.52007720800687,1497.9599724770997
-6.167216390321519,-2863.0017794930272
-30.717467682048174,-2106.7140796993854
95.14654020902033,-1410.2196966859829
-106.47607535180367,-3162.9055711641277
-30.950176156270757,-276.24737206767304
-76.86015812897959,-315.07254064373467
-44.488822685417205,-3810.031492675867
64.01836878784069,1173.3245593339159
-47.50569849062181,2478.39284959124
109.27360179174339,989.4936995931259
19.300794381093787,1721.3030429809185
86.40822063734387,453.7343569167611
-53.44419210729657,961.5008868010278
-33.38298116698715,699.5971804697413
-7.963245041104297,-1960.1624256623868
-116.06759411695415,-316.44243477978983
11.975740241354439,-676.6711725185376
-37.54157704946093,621.3392506542939
42.291464798986745,413.08529119611046
9.734123280011937,991.798493234728
128.9148551691647,2179.7988742310336
0.5176487372512302,-1934.0431617864679
-60.581412760483374,2578.9515045208746
-3.0798000019417167,4291.887301446755
-121.31799899396394,124.85884751008095
133.14731026798637,-2408.2284682374384
-17.929475396947893,-522.6689008670269
-63.85585574806021,-3342.0721214705254
101.76685652050796,-2288.868035107671
-46.50040426213366,801.3992052244361
-72.46696855935157,-77.4846917706018
70.92568571676229,5101.8937905826615
139.9574250712767,4961.8624385924795
7.861258200343807,1877.8585264103372
56.057535988066086,-2517.3591187565107
20.920646921893518,4375.705896583581
126.93690944153332,-575.5441932263865
102.3101663641129,1323.1645644280309
-55.031182679287525,-3109.5329678563853
-51.28313066700927,2383.726428091856
115.58463983213484,-148.67732963008265
108.02654163794087,1439.1074773707164
93.5471025440876,3799.67017757821
-13.206003045236919,1671.88341745854
-1.5466221171448868,-384.45213052747994
77.01946120995207,1033.4656305620927
28.986889734375225,753.944318408805
-75.05490032499172,-4.610414589825353
-33.70774873208622,1356.3482139319253
87.77580550730127,-245.00008946904865
-101.68911712813177,-1237.8766370205828
34.73863001821294,-222.00707215164084
42.47291413914114,1130.3806802747583
79.2546417189282,1062.0229439434258
99.7702897858145,206.47508294287047
50.81003448262688,501.79818117490265
11.800479514404618,1782.581625546166
-22.653922361200237,1739.8611787132586
-83.83194609062893,2583.142597900863
54.88947206958906,95.16275423714477
26.12865028588761,760.7634649689508
131.63960296564153,-1509.0068422345953
48.63286066261684,-2663.2255389863353
125.8866967879907,-2147.896095443615
68.32830696147388,1805.1767769889104
-20.504533518203804,-3561.3104751186006
-14.467934329763292,-1347.917190177697
127.21398128531241,351.3817109718336
21.658580944153723,-1618.3063481941683
33.80693770204641,3149.0942920472003
-63.19060552316492,-593.3216197265168
-131.01053410714692,2000.926068097216
50.723788856358986,-343.23524725372806
-42.083728918573655,-2991.519238997625
152.42214893367805,441.00310898451835
-74.1093756712424,-2634.7215345237687
-110.57335074522301,-994.5487230800371
23.565458095937558,-501.50457410719434
51.4235419595322,-2332.7980150174726
-86.59336029480276,-4147.993896956876
-84.98605811893395,-367.0154902761542
53.12209771416686,43.89929635466882
112.9239540648302,2576.5728472442397
-12.295987035659135,288.4662550771876
-27.702169469092638,395.9000531500346
-28.912652197134825,4309.76219484596
42.465607023731145,2935.3595549658694
-37.385400144531275,1513.44036332549
-48.08128227801206,258.97132253209287
73.64687962411568,1155.6182864510467
36.60277099797517,-2914.6148602485105
-12.148575271152545,1093.4352055114978
-8.509215408794784,698.1364033777097
-74.28815642966896,-688.0926070270349
46.604632025419534,-715.1296664987682
-41.41136606571559,-414.6725656847874
-46.16162848706584,515.4995589385454
1.705540479174517,-290.59396351139276
-38.01153298844174,80.34859950557797
-13.189291319664374,-3039.082369653579
-10.164206243766893,4340.090919756526
-13.932141868583248,936.3258870077422
114.8805080338396,1760.569110327024
-40.8931439569834,230.54318119332066
56.58718452719118,5362.669611463966
-4.888498667991385,-2692.3209983415586
-51.14129808638545,-2117.568955496001
44.7879880050848,-265.6863325643171
-86.8635045576565,-3671.426640320002
24.993763634604633,-249.8743905203376
-27.62325235748068,-2778.6947455189506
88.53196709013528,205.2795380814122
-174.63191949087087,2008.7426954279053
-68.23640451559545,-886.0043239207489
-58.76571753756144,-601.1685674023912
-28.256349047996963,-2887.434065912594
-56.910393841655406,-28.254731480917712
-33.789882273853685,-3480.3582358531503
-53.586258250933106,197.7775055912088
67.58642913321793,-209.17942345738462
67.03779719537812,-3238.437611709767
13.011040966649718,-347.0737526504819
36.115661664783204,-158.3561267111938
-18.47586439131575,821.0039983788718
-62.45481274065223,-711.64219105229
16.570835791272273,4574.640072930073
-58.646484517650876,982.695899731518
24.780006940996365,-599.9524376813303
-114.01641689090424,-2735.8022009493766
-6.982269030648453,-1539.280657018334
-24.15419816600548,-2646.7539898871482
29.877113624545604,-562.8518061004382
56.11185045286089,-1589.97329214501
24.03915783014575,758.8762080687673
105.07453881772162,1691.734063398547
-26.607336423113374,-713.1452251052459
-75.78147600189753,-1444.4949656913786
26.88933024344838,449.99598844877784
-16.093389576111093,2974.7876404817634
104.8929836227465,1197.8129231491282
19.663956722820828,-2745.853491071757
-136.74471338262816,223.69508625287662
14.765910066484597,-2614.7062175625874
51.01337062539764,-1738.949896165182
-8.804159304928039,-2693.475458459774
33.34845736373379,3083.147224546364
68.76009785613051,-271.465547417523
15.85996947392489,-1379.5083305016221
10.419023133911766,1849.8326033010085
87.3150485765929,2195.3232173817373
-186.76176652960635,2821.2959791339053
-46.74382696408365,-3194.732883515697
-40.0040976759251,4310.969441349426
-6.466461434164582,932.8330193849383
15.933221582875117,-295.0097010706449
132.44904993532043,2995.52577013321
-53.14546730781701,1082.7037432356408
-88.44804148220751,328.0303527318565
31.421551025847716,4610.240410222655
43.395393750978,-1685.9915133968773
-120.77804258309982,-331.42720692417925
-38.03427252221763,223.79008550523469
17.283944081811782,1780.744890683641
-38.233518606828845,3733.115581787833
60.88050596319939,1485.1352736060433
-8.387025078936816,295.0696843786595
12.71692578744069,2969.8550425554545
-36.52938325518787,-3672.4749861114765
31.262840108011705,645.0092187112555
-81.7926206755844,-2976.6074864867705
-18.64745727969934,1016.7313387692634
-4.562124204528079,1742.9870615754817
-9.508130016069593,4377.28014086594
11.88991601241007,-2415.5636318647885
41.79735746553964,4308.680208145264
-80.82685755019267,-1215.4928470669731
31.774014180120744,600.2582242127211
15.878885071343479,-2773.0288259155063
-3.2107302996837443,-174.0301704846832
-30.999946387558182,-3759.391587378085
50.902252230793145,2095.33847371603
-72.86817608228633,-1294.7199596367668
0.5290904373432643,4509.558162481601
-28.64935138311023,1040.0567865157693
22.883405530676878,877.7887441301576
-78.71817087061149,2601.9557160995937
-149.16835419409026,-4413.573676702519
-29.649250741884586,894.6497614105249
102.77612349624573,560.2760050860701
76.52703761494223,-2295.963994158128
-17.98041471592587,1545.6788260698884
49.14808991929377,-725.2989021347047
2.052056265254776,791.5451430571367
74.3144972376586,4524.6154071995015
26.309043764505777,995.7128700555861
57.42240848210821,583.8282700039036
20.105914217605413,689.201509793728
115.26333234699416,2075.607427943198
-47.78491893585324,-1055.1316100975755
-33.09392705946788,1100.4004336353078
-62.99304403301646,-3127.358369187774
-90.24699664262285,3915.7971076599915
57.49812146986954,1327.2348367189093
-70.47212461402864,690.8365630825915
-9.07738567975883,892.3762014219313
3.696453462445369,-2981.3879315078543
51.633860790870806,-786.1729736408415
-6.3423361410551955,4249.837190743859
-28.87556480630367,-2307.6874296341675
88.90571335281581,-246.56439431763866
-3.902387999861036,127.0675179418851
65.67247074723971,-151.24422739940914
105.74556419335416,-1950.255476799122
-15.86635759211854,-1582.0082798914686
-26.46731614193469,4289.824182430803
-46.41138595239482,398.3036578250509
-149.35899485905807,-596.3860996549553
-5.35346374508898,-725.6845684979712
-45.531103984549596,-1945.566902410309
59.93257803617568,1811.7376533906765
-73.66060931737064,-851.0273406102345
111.22899884307873,-2338.3945275241485
24.05739681502476,2064.3216273729654
66.07179616051819,-160.3133738002164
118.66174437967581,810.1402460292505
122.28966290163194,-995.8714836168701
-98.9352198461061,-2616.360582970417
-32.530341500985564,2705.8582217406665
-66.29904360622088,-652.2145556273166
7.726493342452619,4275.287006527647
-26.31552546334212,-3110.3802943827295
-23.413913833371865,1770.3507380146932
40.05968435002065,4613.333763046122
-146.51836930432134,-672.5981727389418
-32.99655495080933,-463.8432024558764
-32.633119952016216,2798.3737847166426
-112.24380391595636,731.5350099863587
-8.716459968020253,-3559.522153999617
10.502938286976496,301.3583917625102
48.19173223327222,701.2062490028317
15.454627104690786,-352.98608161393497
2.5170572848826147,-741.0163202658673
-28.226143169104958,1394.5022110233447
145.2231796122584,2445.6131758730967
-32.77985893863356,-3351.961673976146
-88.4386039941008,-3525.9564358200314
76.9108403415467,1979.8417743584034
-58.380029016485565,1208.5216648558103
10.035794034497847,-1845.6404295820396
16.61269237208614,-2467.3277630816656
-19.454982133471958,784.5085856661768
-125.53883537827107,1847.5615550392092
56.009678291263945,3545.2795745567523
-62.8813683370832,471.73874824147043
-131.2011732453151,176.63895202484503
-19.08791626875215,1047.1170247542207
98.08053976064245,1684.2823700878464
13.7297650618335,1188.3610067170187
-48.77436974373545,-3120.1666096139015
-45.917614246512805,-3051.1996373340485
-68.60171494362561,-1881.7559756358994
3.146793213716013,2929.693876813729
12.498534014912199,-2707.2542875799477
-4.178737750305135,-2872.085521580463
-45.60718621574029,-587.7126304667391
-55.36269114745474,2524.8702304919066
48.64789562970506,364.217546512671
-56.580822186017016,-3187.1066948898915
-6.1361273567649075,-264.7825104028267
136.70059930606405,-127.5749459234588
42.97288747173898,-475.8593556584224
-19.639347542686362,-2674.364475890014
-28.424619190545044,3992.048737398346
-7.936294287916908,190.02798642083428
170.5060720382774,2859.9093156851336
31.907545282252027,987.8245671172344
42.21273853536769,-388.64626419897854
-86.41022685293738,3680.722119299928
-12.490322633214586,-795.2966424429595
-156.1777370748106,-1519.7688051558086
-44.59618564618555,4309.404329897771
65.06950521884752,609.8335887209687
60.20619117288503,1441.733856623007
-57.97577386501098,455.9070365685285
118.48086860498226,-1510.6486031947043
37.829373841465426,-3022.9959156743876
-17.66868457243141,-480.7185602057526
-95.32472598886142,2061.366373746917
12.899879976609187,-3479.702357799186
-117.98724677222948,963.8645441744369
-21.39442417490153,-3000.3607478302074
4.905907030500482,797.9952833340219
7.089117445530222,-2593.081165109653
34.04481204235431,1128.126432764031
-36.67189242747341,510.6221575105603
82.43527859098494,1528.5900961405587
46.06640740649118,1878.0119380666024
16.24784475331629,1172.017549533585
-18.296401452193052,552.2772428597441
-79.18074964071626,-1213.3057611734043
-17.22540731257814,-159.68713314635596
88.16174310120074,-180.06740750941006
-55.14254693933982,-903.076569397307
-79.67203266337775,2128.1539360939987
34.56939610926974,-772.2083625146548
-79.78982468660823,-39.90067564313722
86.38847451316248,-2214.338498526531
-35.49981687997786,1579.28409275461
107.25453470141906,-3420.094178945647
-78.60363750718794,-86.13804991151993
-2.2181492800477898,-998.9512973690425
15.422755750003876,908.5273268517726
-125.23438083973193,-3338.0527581506217
-6.695926398096709,-812.3923707533861
10.210718719997155,-719.4893308957436
147.11772976515851,2336.391444902068
86.37932893446593,1388.8754178707186
100.37131076147564,4956.398880050269
-90.47730504794868,462.1993100469691
3.724874113808207,4350.698259061772
115.742476958449,1516.145528290612
-47.19941621159816,-3093.69796022114
42.585545617481046,-2857.2026154018026
-28.641514046364357,-1573.550882323193
47.63795057894835,-235.04974017471187
-68.53308410384206,-820.0182004155038
-66.12528962207445,-2205.9946627912045
56.043643758215204,3124.525098517921
-109.46165594202394,-3701.309451781255
-20.92223072719551,-526.4406143285812
18.159464345181412,2927.6919715606023
-0.24007004426222522,1610.0628670259882
52.65426878641866,-2405.2239165386172
17.73848809873364,-2931.38220543108
52.8749884196682,534.1326459442515
15.922767805093251,1818.124607629356
-54.38177015872971,-1206.8185879503837
-60.41132882183045,-3017.549844870805
-49.64734306765723,-483.4387344867057
48.15730859794006,-2599.971622094371
81.61462196145666,3084.86726033012
-78.47425438562153,468.08173794787956
-46.43418408652912,-3269.9078184657806
45.76470599813091,-441.83511691574716
9.71186871006704,-2672.481175651431
32.14727545299897,-495.16636045489764
-80.9180281149674,-803.0733744789272
105.4817879424579,2577.8960117291463
-41.46794043003204,1266.2351267992742
21.270128066187674,1003.878359609702
44.513032909964025,-50.51357115463158
87.30983506589968,-216.7950717422258
141.77997761592178,-391.6021316979696
-121.49365125406734,1111.5878153869944
40.40948838235523,-2669.220909213651
12.721249067467207,-2780.048683664413
-51.21785837182127,1328.6291261828355
62.8239480677834,744.0777256214756
1.5568460774021178,1121.5068440732798
8.462004890858914,-716.7188364245014
22.635205565350574,147.17086514920868
53.80719128725204,-2715.8013265344994
40.76157155634927,-1908.4730678318958
11.45281367271227,-2572.8150243601067
3.0983408424155647,-206.85729013467278
-3.3393429299260333,4340.794945310479
36.46646350908344,-2466.999129594809
61.38966532887513,4687.648914732454
79.56951050480757,-455.9153944727274
76.97067195001861,3125.7998778380475
-21.10016254802268,-2990.7049269516674
-25.356189174444353,3949.6477336443227
42.19222840935827,1034.2384236997973
167.06328159578743,-1982.9891791018285
37.79523917537355,-521.6515831777245
-39.69432790787574,1243.4996751696378
78.34461863045577,-1974.8807008806052
-34.01175866507476,709.601009294232
-18.414071160918194,-3676.5888432264574
-95.85254836366936,1179.0730787340437
-33.3320794317223,-3088.1938407971634
-115.73355675842718,-1578.6306660336588
28.78742106148539,860.5925691864505
-67.59931887724164,2623.503244565319
-134.5629123716401,-3305.721280573882
-48.587068654244895,-9.413122950596762
14.563249710139935,-10.119186042624674
78.87437606219724,1042.420373071623
-24.576687682530014,1340.6179276257726
-46.28168259479697,-3709.766639288843
17.93577007878997,998.5414600304161
-57.52384299387913,3689.756450029079
-44.265122708178325,424.4014544601099
-150.61979174527255,-3893.553431125899
-77.94688540486648,-2886.9791938940525
-21.463202226082867,584.8600572624691
19.578158228335337,-243.07662548834733
41.09157025416161,4402.212182419225
-66.04103727403198,-3884.2531955070513
88.87567134724861,4710.049670171404
-159.62712008333563,-1857.2099798833274
7.920047429422581,-271.92958025768576
-69.06422436488147,-483.8819939023639
172.27709934190105,327.69770347956484
2.13917783619891,-808.8500019135122
-65.64285576793489,-3466.7698462052685
111.77131694545945,-1496.8438314890034
50.00786651106676,-2594.0974852956065
-30.001742338777014,969.3667705575947
-26.8812660953297,652.9025879166726
-34.55076910492657,-896.062259813178
-38.30209957839864,-978.0704950417942
-50.47213141339583,4245.5997865362015
-36.76166043513483,-816.2316665790661
-56.93383677698519,1098.68651902837
-39.667139545418244,-3267.323548064623
12.410369705349273,1721.2446181085418
-86.20603748327342,3332.477441944224
9.287395233701838,1302.2885342587153
15.974084650898888,1007.661684242865
71.8447762672742,-401.1438226804223
45.345213184687594,-819.2345847737524
47.814533188291605,1430.7604241476636
63.061299697289144,-785.9317518402338
-76.02978717047027,-3412.0749629980305
-30.075075696489456,-3828.103641584024
-69.13629032988014,-3357.3079521453224
2.2962637658580696,1039.770643556786
6.285232805874179,-694.4698237535526
34.38956176550462,4514.554110576952
-81.51121409078758,154.06873706791185
-66.8245670682584,-224.12137148026903
-62.452701130710395,-78.14377380824835
134.5537601349887,-1561.7952286673485
-12.494597688137997,-2835.860685781237
133.6914754836539,-2781.6186936372956
91.28090440683455,940.384177155382
93.4836206179789,4613.376306709184
-37.99337836014209,5.955093182648964
-89.1426343097234,-977.1515435632618
-13.870796522422399,40.2656425472397
22.475720288334763,1821.6211285258912
-28.989571753235722,710.0564716130787
-72.11440962837628,-1388.2218453825037
-10.740782106568545,1770.8075611161173
82.00662417190658,1115.2144836197278
45.253864816684036,1760.5377049870676
53.74367012282369,-1656.973302920228
-15.705607807435303,-2818.4903492612225
82.37660351007999,873.5184921524665
-25.187099746582497,1686.28226306946
80.98874557896923,-2281.8244448376877
-93.45739811883772,-2276.4379885896706
9.190972240790307,1050.9968723119136
28.93104968674735,-642.3092554945664
82.32818089724701,-153.09507846771442
-0.9121217561464867,1547.8959294608783
73.5353195862849,2220.1315383897027
-19.01491793342195,-886.0163366707991
-31.23132902359199,564.9120261517938
13.026972103446607,-314.3113570627658
67.5104938077107,4632.423092404031
-0.9638722124449881,1596.1774220413329
58.06355525511525,4668.8413552003685
-16.16290822774349,-787.8421925357876
99.5013344196925,-1125.0197261922356
6.30346777878427,-3442.6772280871432
-100.14231393660512,177.52358807626035
46.830539095653116,1146.4478143905033
67.46300594032887,-755.07747133853
1.2354188661397583,629.7095655950314
-94.73727540645243,-1666.0630401506116
27.1399837903879,-2473.4605955713682
5.3146360105595525,-3687.7996262252996
-36.21090546489176,1746.8495256497713
-87.98539460829721,-3059.795680478023
-0.19268596921372083,4269.320521234571
-50.64828995289893,-3699.283321412472
-39.100649113476884,463.2681637871479
-6.836207644562569,783.3156609009002
20.69936188640597,1827.1100301780968
69.31560846543526,1099.1407719663791
-44.656283387620086,-2691.709436028186
32.64429639399464,4536.220294345526
-95.14379679407911,528.5656229467396
-82.44417543981352,-60.2942153258405
-89.40784718402924,-754.819269354678
-45.99970180734762,-693.1778067638596
-32.926411672119244,-52.925961957179965
14.158068607139477,3102.7405145569182
25.61473013411447,215.6209452400084
10.740229194159312,1033.9119561080827
12.545409549456974,325.5186645173145
27.97286935691683,2869.1127221872907
-126.4472033059154,-1510.2754242919596
107.17881766072915,-1839.5268924959894
44.74937245778283,1786.1455749403033
-146.62276348340495,450.3687057844812
-78.58771183242176,-964.259956974936
7.477833279902144,4564.003726045028
-160.381140552647,-3706.5622967763616
123.66972928583556,3690.489988693935
-48.257056666142624,1108.1138568723914
-156.80005535330318,-1113.1042526239796
-21.11352087359308,-2060.627329564966
-85.19431589673489,-795.3414980410306
-74.99795602427454,-536.4828857819908
-12.144389434970162,-239.43718931000535
-67.7056894631546,-2846.5567568549654
1.4626674294097919,-435.66577796341136
-65.9234148560914,-3399.5815772836677
92.35418023917089,-1982.9055580532806
-8.232327381652304,-54.18994295339297
-66.62608164796497,-3261.3502028367648
-30.260284264364017,-590.2683517248261
-141.85170461367153,-309.69337764878117
76.7890837604102,-1322.8540570148925
76.817418802381,204.23537787951372
4.393017942740673,-1803.6446497231516
-124.8715935441376,-1263.7503931965757
-17.933355665914082,-556.1593015799962
-163.0454971941867,-666.2473878463333
-36.67521613904372,-1962.6567550169032
-32.50091476389134,1000.8414974067994
10.832550501331722,-241.37646882292825
17.09049407726353,657.3435573630651
22.398685836083434,-1401.7053538173184
-63.2932863754678,-1331.6343386188098
69.05519062449719,1516.5025328076692
-80.87340754021552,4386.630289509427
-13.484343572290431,333.0752092486032
3.168721841131489,-326.2560973665596
120.73932853311136,285.7536915719113
-83.70581491613252,-2262.231210486172
-99.48703836842977,-145.05422754307065
-137.47787631386572,-1471.6521464362813
28.868044764118416,32.41614617357484
1.5935869286914066,1644.451419118381
-86.85996976112158,234.6060543208916
73.80474979224041,-158.41081663460935
44.963862748463214,-402.99690660426455
17.19181669945536,885.1036540646811
117.37661901198469,-1282.3597886953896
33.084842846789044,4400.885097984529
-128.96893162990241,376.7025135616651
21.517578469315637,-342.7933753206213
125.70237045178786,-2896.825094078379
-27.581117970547346,-1649.2461960795551
28.9990028427711,7.858989649252743
-79.90168343739408,-31.552558293135675
49.17363618333425,988.8889205133025
49.04664632511515,-491.8091461270449
18.861015191716028,188.86899198845538
88.3129980246931,1574.1185623609708
23.325438353959765,1109.6744161009117
3.7533747791615086,170.80735697968913
12.285027758381455,-108.69929183772282
114.82101576554803,-975.0643196977638
41.40994904382039,1845.0979814417988
-122.32662629019808,-606.2968862386258
58.13461021506072,1033.3531417827112
-36.743792340733656,-2886.8345252155596
104.66378790020721,-122.68229122081802
-62.79250513410096,-3241.141851866933
16.90209138373726,-216.40520903440137
-74.74006234926665,-353.62231538430433
-72.40531582211896,-3912.173552183714
52.10849158470966,-2961.106296906976
16.310377151846414,4420.541630621728
-43.66333273153923,1608.4907467268813
77.50851914955034,-2918.073080298581
40.742412386423695,-407.61737324930664
2.6435994864811496,-687.2148759723145
-58.00127488447919,-2451.255114407684
33.61401669699905,-2927.626541987634
-13.704135054056177,771.0725141737381
18.45111237929529,-354.826044069291
-39.3635343151263,2613.558168262423
57.35983396412734,-3171.96316105966
156.72607938727376,-1921.231149619776
96.83068565127277,-2568.344196507582
-25.359022675468367,-3547.8958267171006
-66.59902733250557,-778.5803761339998
101.69054818334217,-2164.000103479794
185.09774804057224,2860.593945963872
56.47685445776777,-2343.716747110846
-91.62446992569139,3918.1166996441857
56.41387913983105,-1031.1017500769972
-61.28603699176797,330.6821970416678
30.205092890288388,1045.7586517040952
13.720269816813975,826.1949821807998
37.1772422226483,1496.746046569008
-21.156624893898744,3085.888659620948
146.0591062955361,-2089.1051406501706
-43.43435549002508,127.16674986857615
81.27153019391717,-2220.1960331924956
-99.49020962403823,-3447.0102424900097
16.654249400494237,990.1236788514857
95.05243590639033,1827.791321431506
33.97438719501734,-497.2053137998087
-46.900459656511266,-321.17572498397357
3.0133789779667968,4396.041032131896
-108.4334933428136,-510.62884282242976
30.490177483227015,384.4227301591198
44.57407720700772,-373.60514970637337
88.39708926093019,-1488.571170876895
100.27184747646662,4925.132249244793
-93.09155492717586,-2972.879716964109
-100.37710147801222,-600.536754929686
5.1101415722359915,840.9429790366406
-103.4125161816394,-337.9805371227671
94.6859672722118,-342.52291021498064
-36.29649892316716,-863.3460719907919
46.74688846998396,-163.84447095232625
50.52282988324538,-1590.2517963995197
116.58328054131238,818.8692952977862
119.73968554101565,2333.178850083465
-104.82668841890377,-3515.3752781486646
-46.935670580833886,355.9134611942965
-10.180482371755726,3142.9361550022268
50.446021651466886,1412.2420689284263
2.213740497663263,833.8573245854011
43.64014925780155,-650.8512698700367
53.96072116909161,784.7622599392715
0.47920035033699016,142.32268405552975
6.024189704542164,2951.4172648907806
-124.63555405219716,-635.0423295244315
-53.04975893936165,-1868.4676461127742
-13.441864743560501,4337.604728205364
49.36585741161977,219.4697980611913
10.534273212204878,929.9415882858337
61.6874260307768,594.327447162401
88.39952742079323,1332.3579868411762
-26.21677227089384,-3026.0227571365417
-91.75157724286542,210.72434375207342
27.237318557285985,1133.6678500236883
-31.837977634236722,-2977.6501261328867
-70.09088787475372,347.8132594442662
48.82239488862049,1361.2078020886152
-101.50783222556255,-546.0783680988166
26.769058455748713,1844.2234089477672
131.43974963831067,740.998279669747
56.36590020604335,802.4128956563518
4.525123025592302,715.5021813544739
136.43984328046105,1747.1343593201323
102.50583782511612,-3473.2028085362044
35.36898673625672,720.6836636617717
20.40968707455428,-3498.901565295676
34.87700986702673,-2309.886922308537
15.153910951622692,-2698.8553512366743
37.350883738538435,-3072.6630067102733
42.979562904162286,1831.7497759641003
41.718471598866316,-2828.6667653904465
53.28428813401822,-1008.5265121904471
-10.195266623624224,828.4772294764784
-48.682560063678935,-2836.8289480012136
-66.8019695296642,1018.9180306771426
-28.67565120012125,1631.6817393302265
-116.31823711699468,-659.8571035178591
-9.198709204651301,2873.494289538357
-110.34985101817945,4502.545151947119
-12.790261987270014,-3545.1295629795427
7.607821448088424,-224.1519712313394
-90.34330691220028,-1174.311896424338
75.34647324988546,-1779.5366446522826
-4.505629855046921,32.41151129690642
98.6447829938834,-1488.3197499591763
2.5729400481808984,-791.0668532702
113.26815732771318,1402.2131279151954
35.17466260551427,-539.550377552618
-26.885298880110575,1693.7785463638397
30.482420739451715,-2572.375073115543
-78.55136824467176,-1575.4951656290968
-52.466427165899844,-3372.5304518232497
63.98135191109095,-3181.5534807240733
-68.87347267536174,-1160.2277142265746
-2.334097535031159,1371.0122660433676
-39.32626521573655,-468.05900323080107
-28.974587527927284,630.2602078062012
-7.6399439871876424,1925.61973222962
5.4040200992143195,-2875.691921933355
20.522481692995342,1136.0314401789656
-103.97489309044275,987.1839675540758
172.60074168405944,213.7350927197062
15.330716641881008,241.97100076238414
-6.667842918857907,916.2812535808541
-64.54598340734522,-1960.2432348806985
154.0208632568236,981.6605368539877
-71.944707035682,2166.3329490682327
-116.98961699511797,-3406.5555800156717
-18.619039232742534,1670.999234767465
102.9289841467475,-2893.4485655338567
-5.992997072631825,-1560.5492028449726
36.404166951375316,2123.6388733001136
-44.79258673954587,-332.5658005199313
-16.355004301654184,-934.2102447652627
5.187364767945062,235.05394643268076
-156.88688252189223,401.22042350473265
85.24007797250357,225.59510213351214
-5.351400116858674,1612.8436653654953
-30.28560133057634,-3129.9119947424438
57.66251731984762,2967.3850492080805
46.02895264852088,4175.892523923606
-37.13905735367834,2571.8798131419517
-96.27512786270924,-306.39093595198744
40.79763016347662,-1254.8008172219947
52.533941131090614,1380.6454161433542
-60.062530071821385,1059.18336887968
71.51454628031856,-2124.803488280107
-24.366849237665157,892.1771257965698
81.71959987698065,1759.059541499422
70.62398096502193,-2246.3028361531938
59.81175108269865,-734.4417153113817
58.14200362510168,-3292.8211318052163
-0.03358414802753806,2800.338692419878
-26.892723928883953,-742.449342151834
-0.9434017324407904,-257.34600687628546
-65.54079702342084,-230.0545409661702
-47.69785320878821,1493.0575037936437
-99.75429916828051,-2561.0589975967337
-20.204789204920065,494.32337069389683
14.518316587946229,-3534.8709680856923
35.683952357306666,1091.2498483883553
-109.99439976129227,1591.9894107538903
115.35704771069561,-2558.7117046971293
-31.213116216042117,-3661.9324058180105
89.17701053721932,-2245.8740849060455
78.59261832851904,3455.059652112786
2.8880030749113064,888.6565546507552
-36.97705139371979,432.23811300568303
132.1072785729326,-2021.3060598274483
-78.92532186068401,249.78737314320134
-59.14114666462143,-1058.598891134316
-33.48022728389111,-305.8405039000264
83.82687892789788,320.3175377564563
22.17771602350959,-619.631553491742
-46.183363623396254,-72.47541469252833
9.088415641760097,-2783.0532397133493
-101.031864873961,-3493.2232601956575
-107.41812029280067,-3869.746382796129
-28.47705339203611,-2938.019355504472
-18.278138582418777,-1523.366681501721
110.20029595839719,-2513.0548546225755
-52.267878510398944,449.6010803106799
-11.372113121405974,1536.9079659324707
5.179286799060632,-204.78142391223292
51.566434332049816,4705.378160791582
-62.144668280503254,569.6313680796495
0.2431706933512814,119.22884252676873
-36.12536184108406,-1248.1571715506502
32.612837162015396,-28.11069356622376
-86.61351660801252,-1362.6042351608376
-24.557315637365697,1436.7189080455519
-108.45568450578537,1383.5347917347015
-72.98791265794837,1068.1740988061795
-35.35711053178577,-768.1874816952932
1.6361861871045118,-2837.432710988983
-156.6683093133164,-2886.9703451352116
-58.5639086424824,1563.059946999494
-44.06976390275868,4147.641308924939
-68.00675973080571,-2200.1900461489354
1.770134024326115,525.3500162938948
-90.23910352164579,-3085.142893194344
1.1198313086349767,-1664.0663913641747
170.8016391382848,2075.157662216969
15.328897477139783,-2468.4539899786455
-22.281151225963107,-2842.239512068373
19.51528199545519,-1685.628677028706
-57.436115671721836,-2082.7902404968136
90.98154578011327,228.5843881088129
40.55886153818474,2761.790162699893
-118.76624345388043,258.7676832664395
76.94414553862309,-973.4048329611875
-48.42432989937785,-3057.7091047626354
-137.192877346079,3204.8498273945775
-80.84642737732858,278.9154496259947
-10.87654222841212,1571.360639582676
4.268539386420697,-845.3781231160847
-87.551327071709,-4594.37717469267
28.008799754051168,-578.9269446271977
-10.89102548957911,1652.6735010365262
77.92672068404923,-1128.025912689869
206.4577642600211,4453.173598986688
28.78528067429342,-2550.4556893042795
-78.07012473435509,417.6164940571073
-88.14916807417733,18.621693136752654
-37.29717948213668,-4008.1532756682996
-81.50831182763221,596.1543741829173
39.04874685720018,-394.42916285809764
46.607630638245034,3012.4639266873196
-37.54553811385924,-200.8675931342222
91.65779874710766,4869.042623015925
-112.20556104111895,-2574.264535627485
124.59418322649388,171.3011306629745
-63.23192723275754,1813.3471517501368
2.937744261157791,745.5680964519393
66.98352998487115,130.3968794098084
-89.25472215012746,-389.9824649619714
68.791316855796,2045.313873843841
-39.67668755388943,1203.169950242813
84.3003083281644,-849.0155656059727
83.30842178451084,1417.5819629665634
-60.04607510645545,-15.154030991101845
66.09588648009168,-298.774888263
103.70103080840164,-1836.7924918429096
-13.778712782990926,830.4486537503303
42.24267514871563,945.2938817859468
-29.041194767987378,221.9309381184315
103.44752345238311,-2636.2560852559714
5.401382452008313,102.1299052367024
-8.170694782188964,4060.62184468844
10.132590727785358,1060.1140591236494
-142.30528303313508,-2052.539697896222
-58.190214762961176,3996.3937828186154
36.5362168201069,-282.8134037663129
-139.59503894554766,-1418.265946064441
33.53225497931035,-3289.126179497535
-52.500211822056826,112.21490915511455
22.614859975584775,2921.6734199532075
-58.068205743965734,477.0404849954675
-83.96745140026286,1383.0408345227597
15.839373741947396,4414.9091348574875
24.02679446771426,-147.29176089853587
82.68214781616788,4500.644067873544
-51.880799385617976,625.9526740348091
82.38634041450244,-2124.0707395311742
-5.706191092338953,-880.910489491522
98.17785549564995,-1679.084741959995
-98.31336200458354,-2256.033314124407
-60.93109935853522,497.47603765846503
60.98454540920163,-100.1976954722261
-54.67124602599117,248.96663523424613
4.818065975068516,943.3275899595749
-16.304629714680477,-315.95556228115214
-77.6576586699007,-969.0921443863072
105.56586933663672,3845.6602299264805
21.928566725796117,825.3085807341824
18.977166440592274,34.94042442625634
-100.06358687251239,-338.2121985470941
131.6146775782663,1867.913626296208
32.91302956534803,64.07258987939906
57.024810899812266,-2563.0346806605353
105.07692268847443,-576.6625406170941
-35.92790221620516,-2923.030279306986
62.03089277874995,1204.478201648566
58.440684740322425,690.5974129413903
-42.510494572821095,-1973.335263638204
-15.780945914391335,557.4417961259985
-43.27376869320494,-3118.6656283540437
35.267226097632104,-2743.230599179414
31.09933509398063,-2709.8210787532753
120.97268457623858,324.6413150889832
13.918813202871455,1780.0895046278772
-34.778240734007476,-2886.061031391464
-8.79916157417286,-422.3899774393942
-59.03737405261708,3928.589651642324
-32.55299645572867,-2833.981923411384
46.23155227422929,2186.4876674723987
-63.18952099132599,424.0233400337169
-30.148592526613676,-532.2472760630409
45.53964387813513,322.0514807456334
16.782735354461938,-600.7390568348827
113.97209376514469,1393.9311004937854
-15.95513236773547,-860.6893366147062
0.06925242712822133,-1374.0219813253786
151.37191034932226,360.4409942614548
-84.95547556792354,-1892.5591918371426
159.46959970467853,2657.8588050307435
48.14358516549861,538.3265635736013
-37.78746554525857,534.5760979587141
108.62258780799128,1551.8053326720494
-59.47169134866148,1238.994435856909
-92.1930427101116,-397.8574538111396
-23.489741838933476,-2877.217949096654
14.345558880763857,-276.3974527225521
52.61807695336345,-3189.3813029533294
18.075666740066506,-3484.9181600227093
-104.22016025701998,-1538.5109449824008
-30.764271556528442,-227.1014703155745
-52.30418260993915,-3382.419062651922
5.445240738555915,129.84806957591178
65.6939173773597,-2277.154875361512
-105.36901620510218,359.28127235444174
-29.562688963791736,-2018.9600564384543
68.77835538559384,-187.9165146224582
100.53770784867166,-232.92958595870044
-71.16180416030285,1091.635102027419
-40.60074502141194,-540.9398643841881
-2.299417141532887,-1936.207176892474
69.6494029529497,-786.1054793167876
-8.835187172597667,58.90795816983343
17.177507621282007,963.4084450072022
-64.40645123717172,-1798.7906950382294
27.9079950938952,-2502.5444896594427
-4.85534467502484,4406.38400853432
60.325991752566715,-1318.4349638506512
-0.49828461609494035,-996.8762416015207
50.68716440271316,4822.0722687322705
-90.06631996337669,675.8621593161383
-17.64281312242068,-2.0953884897330015
42.067948386322314,235.81699185482486
29.317843727148226,916.9821709797794
-102.35869518249892,412.96266022985367
64.03516722919792,70.45983945416543
56.54437286009583,9.135209531532437
-61.546349752694795,4189.094667955372
-3.3072644821685913,633.0660414328283
-82.6479485929791,1043.9794911253766
178.4488113333481,6181.357980328015
6.610174917872022,-3253.940752442464
-86.68538493970567,-185.60616360272007
-74.8928459115056,-1247.3490151597487
2.949651817522835,665.0660186564078
-9.58448826989482,-2979.3137162954476
-6.410630788002223,-1950.8346123103424
66.01595940728082,2051.298380905035
-80.45265013649295,-1570.1850734647376
-51.406387518152286,-3812.224123026214
-43.30681605370523,2555.323200821027
-73.31844520756735,-74.54775231186949
51.66891311433162,2103.9573151410555
-16.375157609828598,724.5117161382427
-54.59039568644161,71.90001259033373
39.09600665299142,-2557.211969134488
24.724915632448386,-82.13801283245608
-91.55557683550526,-154.38194765398927
10.705448808519904,4423.202888075687
-124.08568075277961,-594.6242876999788
-96.86958096986518,2534.211581482174
-17.108567545613997,-1714.2627721426984
12.415306745419109,3053.2063987858473
83.87102761751007,-1845.5416713364366
70.333719641751,-2562.905130001333
-4.786758816495173,1643.6362620729813
39.930574196117206,-1454.7892255436702
-77.47494352625695,562.6057346039408
-128.4222109698425,618.4238625395471
100.64357272203816,-493.30289165673815
216.10881936391488,3360.092879500594
9.916153773804686,-2652.976457389802
56.29874860054793,-2613.272584762239
121.28008992572276,1873.9746611030835
-13.732167785766944,680.1195629534446
46.98864847135141,3293.9981418115035
9.012025364672366,-2754.9768915407653
0.06378062336077761,346.36388632442817
-61.508558904301935,1344.9274707967538
-36.894954716503214,834.312660227355
-17.115932757938076,779.1174741873125
-25.5565679909878,-19.675007145010213
66.46491737231553,126.63756616045552
59.05948343177767,658.2129984481769
25.311048845587568,2836.369807352927
-29.123953518623686,-1020.2300308596488
-39.06248086211882,37.53081441614445
-8.264754326447651,229.64105212293669
-58.635254253279555,-962.9689683159684
13.19672444916786,-2785.3336063656666
99.16786654575913,-1581.2608876616137
49.14876424679675,-2532.782385583478
-73.95928217022018,-1307.4668563969688
-5.133691617955254,-451.35681528467404
38.850020456210956,-357.5030969600417
46.70299085392493,868.1586554847867
-65.20865549489672,-862.7172015190927
30.506875458673935,281.64113840821483
61.217406754343685,792.992783492717
116.14392078207007,434.59738514331025
78.65685266023144,-2310.344727744105
-100.53926426620404,-3432.115372500331
-36.450504190954426,-933.3629053075256
50.063679193269145,1184.0804451413892
5.936191269112246,-563.7145233581438
27.706265697458665,1946.7240138635918
-4.8363135915483735,-302.726300763701
86.44243076590297,-746.4426423785555
-23.373980507434233,-1843.4588371430195
-46.55850173273271,4225.038105333523
-19.513093532511252,1496.1839586862286
64.01892615495919,1670.3973475978012
-17.39570881451305,600.7237468269961
-1.9068014472591415,1057.585287091068
99.6606285484074,-1929.9565753250956
121.17190819776555,4954.311481147973
1.1955914329693869,1663.6918521207713
-7.341551787065768,1788.120081458639
38.96727149361024,-3346.502582199232
9.614750321702562,4219.827694309266
83.77919959726418,1350.3583276734414
-63.655636055874325,-4185.637242793749
-13.341741612930644,2936.4967836731457
61.12082127829349,4775.597279893076
17.206094010234633,-2088.022890426734
-56.30397282289198,-1441.9382006175315
-101.47790319498502,-852.9095520634207
51.251264846997294,4657.083445951488
33.27672445177183,-293.5283414121811
-95.10743878533589,-3351.503060864306
-183.2367877415466,-2473.20545427818
2.6332397309539104,-3243.8228075933566
-10.055167092309002,807.6886748965609
-168.37166031354832,550.8790470368875
93.87813408410594,1392.3023693259422
-51.91503572817872,-4010.0146390016635
-48.54516842710699,-2190.3956941359415
-187.60987635671356,3756.736744613646
28.63902573667324,1830.0296013232598
16.767638837606366,-296.84747761804226
-49.40671133756374,441.6785121126714
47.84224401455098,3472.5196936804773
-70.44449704579614,2241.221605473631
38.81083064667715,2156.6392628390104
-41.40029531500726,-3987.1861084173215
40.79870907904922,23.52193695930756
32.515282893197124,2028.0763796250758
4.042830242330603,1553.2658275837266
119.67792558934552,1098.9365056221004
-39.055833170339376,-3768.073797648541
-30.107391553300502,-1838.800856479991
-54.45978413733722,826.0383009083679
-110.3819971089274,-1546.1131690359473
21.77643303728588,437.9937739450856
-84.42431680646308,-972.6507934336454
36.44794656398651,-3310.326046278999
-82.05468305239617,-3383.367942419359
98.58537665014711,-2282.7277799321078
13.708468546077913,-687.018064339171
-16.58618943961849,85.79152092165552
-159.83965925858885,-2.7296116535718427
4.399540736463716,133.1934209587497
67.51248418771786,3227.6493805008263
22.346038168601837,-97.01716630673165
-75.48150558006401,2021.953444946714
-57.53800028952038,-1718.1191072772358
-109.42286970637996,816.2499474613139
55.87807208776741,465.06169157882573
-90.88310599368326,183.7767286187591
-16.478941961727436,224.91513103527436
-60.97290950089466,1311.3728242297402
42.69809641438169,-2432.9928090476665
43.0555536415679,-3078.0879022051704
-47.31254441880608,4558.060205098824
40.67334080313332,719.1078822318142
-1.8571416230968136,2842.977183294262
8.009047982455344,-2671.823757577825
29.468592887405666,4257.718045583412
67.25766787916379,1267.2596185446193
-121.6203594269854,-3640.723732448541
-18.836625777882304,-651.5690141997113
-20.482826317837166,-2638.6072137739884
113.02529595484404,3601.957220431698
18.017916854677555,1628.0096133849838
126.01686214414245,5059.263560177072
-50.84252851234031,-1720.3758857915955
74.94276393348628,-487.8707982032021
-85.4028759864878,723.7595034643772
-40.573982681769465,-2965.5377542096658
40.2005136377324,161.42157612145294
33.70885198931069,330.78265875780505
37.95850676533625,-2655.9982894667037
-6.315461442155627,264.54517750399776
-6.131916806767281,-3533.4904798827115
31.108873061401443,1962.2578081978045
-13.333941666681621,-24.97369125696098
73.83708967354787,-3270.87899254632
45.39800032374064,-2265.765091475616
-29.75384787778637,-3177.364307623691
-28.033788825614614,1526.0833829532567
-50.71399809642602,1188.6337170950203
-26.21341188139033,-2756.6394564524844
17.459819429124167,-730.4986739408788
69.41662081674843,165.5790110856312
-77.14602044667656,-994.363953742724
-17.966117947728723,-702.6575608386345
-65.65025928096058,-3129.575028642038
0.13553864508594593,1637.6828725311236
61.24792365848772,2361.04160032298
11.954265758161466,-778.3403575554518
24.660552543381268,631.5115799803162
-102.87410607747428,-1336.7677810702023
135.76022114698375,1416.9672078267008
-71.22832510433278,-3071.2199762155556
26.518447348748598,1035.15422175293
40.16057907817839,1540.0535282274423
-3.0887728893671653,-2089.210949071355
86.26087593912015,3595.3040542507865
-20.629234830442208,-3848.556307422015
58.776307831804246,2049.31774139483
-83.4239851611759,614.8114207419361
26.34672515521817,347.4284715645525
-13.721742366994086,270.955045757577
61.50969906802202,-1326.868965851422
67.38568237106591,-1252.3556442213028
32.53845358570082,-3640.7912230999495
47.32843150578079,808.3797647243124
-112.7940658890859,-4271.945220385023
-95.66198857680156,-1287.2862771276023
-48.86868315665761,191.52594314605884
-15.460869393551025,-2731.009764253628
-32.55587615229641,4287.357466538281
1.4878111912588192,423.96815233039234
-18.47914501871133,1454.1962552687946
53.47995082408991,1802.4572543235172
-43.38364410592036,439.9124435138713
-49.36176725718731,629.9837062626198
57.04256263720663,-2149.926067304718
25.806293964207402,155.85405714483284
3.007168566274349,1316.8227969487527
-45.19477242034233,850.8866535145463
-27.059676994614556,-3756.299387067952
-29.071563576765215,-700.8236112625585
-102.57045920029609,-1932.568108159898
102.19647630976408,-575.8748286870208
62.19406251599141,1225.5859153655606
11.423815608672024,73.09496925238257
-40.60723316657633,2548.521369695669
55.02476298768257,1424.145606962622
-30.61870497902109,-3434.384681691979
57.532845079390434,3095.5037500634517
13.032809176568792,4533.860940309752
68.4694789045777,-2741.8612830002476
35.72661861245997,632.2958349669714
1.3463217631412192,756.9049941324663
-107.80607068335848,905.4430019583187
4.118166226576138,771.193561295409
29.990908204725052,-1599.1130132415924
3.71342238908535,-2712.4849582877587
71.33871989098384,684.7552569659629
11.932892069037342,-3601.6985698858675
28.839630740599073,1923.0463721382569
120.40969008543169,252.4107456131263
51.44375675226615,1342.4378210832317
20.08340056658431,2745.3069867923887
-68.61165217106421,-4027.2762851882935
14.88526056020017,1092.346254469618
-9.559103668788758,4373.6270536222155
-136.60680380011,-3686.9474104586466
92.95599567497499,840.3094379735512
-103.10759986223685,591.9393625656313
-50.458384298994346,1327.9631163040865
34.98434527412013,-1436.8297954465068
19.043134887262084,-3647.247335520731
20.75385073130593,1912.6593617634605
-62.72825046268274,2588.2462745533344
-34.57716591896561,-3012.6105164615483
69.10168406847957,-2544.661910630027
6.283939999596431,-3602.0577818596134
-108.04958531965848,498.68494849381875
30.61317739837842,4531.784245407177
-104.63024565602043,-1738.0603127419042
-14.812200983716878,-2977.4959041417096
-28.048254334837623,-370.82136500855495
25.95437083391092,3018.7020191298534
55.930294657618134,-2334.0830225315312
-75.54767052760918,-1189.9138776711345
-14.644416846907077,1533.3102698815276
26.877443944637886,3153.1934390741753
83.94471948799088,-1045.926739254324
90.2816419058408,-2209.6346430322787
-86.5829121961322,3518.0944343782294
39.18266511887211,-2630.0153967948804
98.66225883776909,1601.6516259377374
-106.3869528184838,-1152.5946396394825
-61.400205208799534,-3584.429153881389
62.83066258624327,-58.02857483812309
-6.752998766923671,-646.2312634673107
-31.713114296292048,-1000.8541583760148
-2.036983094064725,397.47265876483743
59.648707061590564,399.3947333390493
-20.471997633708497,-3045.375422069241
-63.131461036958896,28.277032873296715
31.05237608580985,-603.1606079320198
-11.08889148593828,-652.6099645107882
103.68249665565018,-1326.5261116464612
94.17235282273724,153.28563411498854
-31.843186261954735,517.4313940398272
-17.733982522973324,-1616.602761294956
6.608067432620522,4413.157020802781
50.42353642937649,-3269.32151250276
-47.10085740388644,1652.4215106146492
-81.65644661152096,4111.669766621477
53.34237140787256,-1318.5803880428032
-35.3869331744305,-1113.6235081095087
-71.14692829179748,-3513.0799361994527
-128.59628273522048,-4166.1461534513155
22.813072590912007,-2750.933805880032
-10.256064577825484,1613.9897660836382
66.428400208324,1451.676449096261
-13.507939440079436,969.2777477424225
104.36147034729458,-1967.0518628325005
-71.77642907096661,1028.1544066053661
59.32626224172795,1976.9106201954473
-62.40173376737299,-3797.8730738805825
124.33350330470063,-84.66627333152748
-102.00015167049557,2220.5049288722744
35.86707904076575,605.34799735885
-71.32170267276751,-1963.5534637085589
60.01520133367087,214.74730615021767
23.760438694262668,-42.2669785554031
-43.56362725425353,4360.455937447775
-44.83537140471604,-322.99404663113074
53.293353265341935,-1233.7082644425548
24.89405131491238,812.0824876758146
53.70278800949937,908.433812289139
111.41243149595013,-3347.7710706989205
56.462921462727955,-2481.600991295525
-46.65511273457873,-491.9139567617115
-85.86933978151514,52.048103231061766
26.587488141112765,2884.399423507789
-27.995738929575168,123.78309367446067
-13.637632924544597,-2751.7295689439557
19.815012593524738,-1594.447748831427
36.51366698888624,1948.8686957670602
-48.38988222009984,-1034.9419390218081
-146.14353642779253,-544.4747930737262
42.444210327972215,562.747273039045
77.02044676802498,-1909.3651861407322
27.167979999360163,1694.1830649497451
-128.8839522989576,-2130.843780173572
-79.67148597013185,-364.00879024419186
73.4053717182733,2517.785194520566
20.47062019624014,-2614.9782417516153
131.87315602955474,5042.607360065712
2.331517815755909,-72.05263190264861
-8.605138968381294,-3108.112278789836
30.398308839308633,1788.8023681670766
90.08123081031538,-247.18759875780364
8.709579883791536,-847.5936073783713
-4.180687022115883,145.5049017697422
86.8015988553008,1519.8217163023987
-60.796484437153524,2927.8101781960795
3.3406922172504205,749.7924861986984
14.235339930602343,1284.853713101085
-136.09822251673086,10.212826518039485
123.65431777058332,2873.685868209393
-54.52202504089861,-1898.623603981439
70.64124976447957,-3290.4965590762868
-148.71839927355066,1340.4653817579358
32.11806137464669,-205.41492280720854
-122.60264960501678,-223.16987049707
-4.722620176722309,-454.16809031763916
-9.058358631924474,964.3064164348152
-34.6156030223193,408.61912385885023
3.7588295420300373,-2598.1152895010064
-62.59923099494395,-86.65754658079632
-7.898933631572664,-299.0422704491121
-43.67497055434944,1495.0754740651985
15.193216357637791,1975.9782781570925
-12.413750011184128,-2784.176567674577
3.106357646038788,826.2136447382683
59.54282915486141,-192.02461012124257
-118.97439208936814,-2966.790361145476
119.52783001821403,-1581.7988590793063
-62.65294787185455,876.5274226483199
28.297729976365893,-2704.2599942296833
43.702617885278165,230.10884693118177
22.901438956463803,-3324.977881276031
-74.2359212201576,401.4411001803736
12.714191052777965,-395.1021855721309
-15.91864030876647,2726.1308007802454
75.64788741454917,-3045.163878681986
36.320993473671095,923.7896053470243
-11.892090005232841,581.6307939367349
56.59599582909299,4458.834341955031
-70.73565473055118,-2350.045872786976
-93.2777642804084,-823.2397244085726
-33.110202916682546,1501.0360855168324
-20.110974639960922,-2857.04893154756
-29.437011127051207,1010.9790953293742
72.38560964460939,-691.5611655809029
20.432288331856178,-2841.4882454201675
-58.72495877658264,624.4271899343881
-106.73565048982748,-3324.469272659894
-52.707599920200934,-2216.8852061309085
73.8264670118115,-1441.8647117100338
5.575054241755368,-3261.4092111537834
102.6047067233517,1965.307109452245
-46.340669523687744,-1693.6282163799135
-0.9263573094850432,-1036.71189076561
1.5970691846988805,1458.7464445749615
56.07929377734225,-452.1999633626011
-93.39423346504873,-1626.2367517512725
-2.1633412169427295,-3371.868186570146
-44.83958243496831,-1171.255667967494
20.36187115335212,-3334.420349956491
-53.84312489241001,-920.7909749400944
-13.072228689183408,176.84937776683614
-83.98021845961186,516.1317032413933
-108.03013002592381,1650.583008273801
62.515747896780425,4936.102444171562
26.631891177465505,-2350.1482011903954
30.650564137752433,4300.727790705689
76.04154538780173,-2938.6990327802955
-80.51262150797454,-3315.25693223739
-119.6275587555946,-383.051302173369
7.338183198890659,898.670463018959
68.52421983890349,1179.536286729736
-35.97719486984881,-476.8678479657548
88.87017872033108,949.5256694274611
-49.694398593130735,-308.49155281805804
-0.46587910180629244,858.4073280106625
60.698490006971305,-190.85495019203032
-3.485183934283638,851.6969406887707
-35.91177401006958,3949.8705924615533
143.29917595515175,1209.6149474809808
-41.792755599896275,4111.357455046951
-8.77858728222996,1549.2448348070282
-70.53455921767686,-3373.214637121659
-78.40847237565494,1128.7302883005434
10.276543367392318,1050.323893129321
-99.19103899504346,-3725.2122903197646
-14.692272166037561,-2981.6999656670596
26.337034424765367,3075.658155151532
45.351832226066364,-2635.0006060486226
-7.612189043955137,-343.8395256803586
145.0004629111286,1223.9232019426763
-33.456054700628464,4246.645903112047
-15.851949736956474,-2748.1886502119996
-57.29765305973319,-2865.7565367022503
34.49496972608807,-2416.2486923318047
1.4978400531627694,-2466.1373266284013
-48.51477987238244,-3408.8153027346953
151.14938152591156,2564.824365030347
-111.47835734876766,1549.1597042556832
55.58894201746373,-2457.842619344071
53.46479929699375,-612.702638608688
-74.83030128899603,-1373.9990311980532
35.91218942755431,333.10305589755274
34.78273688254558,-144.5526860476491
-34.72398131528947,670.6058600371083
-100.35970067451264,2230.2801626072905
57.90179070972285,3019.390335752783
-59.33512001917086,-973.589704642779
-81.76875948303004,-3341.8768143260827
99.8219840085799,2050.0110685099467
126.20232143758946,2205.9724727252024
-33.27576449958534,-143.79971765708487
3.3454196064303034,1132.3314785562343
5.513311591687838,257.9464324352936
-59.37497129908701,3882.235274914863
-131.6849949477661,319.2510681205675
9.323659191956006,889.070484010607
-99.85937055633438,-498.5493808888166
-47.56532010513902,-481.59095141510744
-70.36011655528415,3759.1546021580043
41.73531781079828,110.60468219662673
-41.31890762279349,-1790.3957302071426
-67.35967840786867,-1655.5768761261731
115.41476925377354,1572.1678145306455
37.493466205666834,-1896.71267418017
8.690638061382856,2921.2359847608473
-48.06535582419639,-3466.368797889917
57.095662460987334,1286.3413794822306
48.07019092617739,1842.5813503326517
50.84077777404949,2238.416316962293
-21.14841906290751,-1678.160333882617
82.24406862562094,-111.42050265859832
212.5319612894149,596.0439151799393
-34.276425136201816,477.33611561129266
25.806549505471892,-3543.6422958897897
26.179204509872037,516.9232785516386
-3.2061500205094795,993.0031966204454
-22.187896174535684,-76.95010603483802
86.43640453115185,1594.7808302363756
53.58541258637115,459.59077557756797
111.92249585406127,-2033.7016916329242
-1.1162856307356304,1718.0470990240863
54.2585013653184,4759.735776812386
-95.48681244675055,1273.098816569342
67.7058655502531,-1131.1267571502483
-28.79382904679948,-3400.5554946473867
39.51793599585065,139.39618263833998
26.537163097117816,1010.6690386129486
-20.09128107156622,-1000.8993217923316
82.75199922555628,-1741.825975947824
38.11563620166417,856.238865222836
-28.645727089288684,-430.3353292428305
29.987172418117797,3085.5429714562783
185.31312172275148,1620.6239415784676
-46.41035868084144,-60.097704608251604
8.510709681362663,4437.608222834236
22.54795615724995,871.4675054691725
58.72290875042216,651.8536348163287
132.1505261822163,2986.955870990957
40.818468838980024,4377.501528936766
64.4103769344461,-2140.2046272815005
-69.66484999935068,596.462611086238
-15.191408994887379,153.89308357361287
5.716930310577046,-517.8031294177522
-83.06726262414895,-723.9821861741563
-25.898111689227555,-487.21787273052877
59.39858462848226,696.5562687309815
-47.1028923060669,457.00408101565085
-92.0721264845517,-536.6464461607344
152.3734581839385,-3298.731279910504
66.41909255403068,-2432.891659307851
91.15132378043512,-1388.3328078430618
36.762253402983376,1226.636156807605
-14.09786316414137,4191.314395062856
-24.628524261875917,-2181.6995116924063
91.72187205693905,-2417.879818886827
-74.58587924715494,-682.3669897376672
140.03852007946972,1766.4454264179801
-66.19318265712343,198.07762083195567
-41.66098493004981,-3593.4240663620317
13.520644912307908,-2651.6952411848133
-63.298916990329545,467.95415818321135
34.784049238517284,4775.213707545276
-96.7971863649266,-3374.2684667590897
22.26592000895377,-2820.887601191424
-133.51351617880022,-190.25156427236536
25.297453473673205,2208.61673385973
71.79376836870327,4847.67063733534
-130.39213179209125,-2491.2879658088923
-17.299509220317965,-2830.052323336902
-44.88085527037368,-3034.7250522813265
69.49794348547238,2312.17428900568
-0.10665036554537188,4354.300129599211
-32.46128727906673,2400.600882447107
-87.88550224465963,1245.8842756409786
99.25603940239012,506.05450039865997
222.2421749816481,406.02459258081143
-26.56106604192859,1081.4245793368693
-36.87365121913134,-2812.1227019983376
-25.45081331912477,648.1801123496599
25.226315606214484,1911.5237554512614
173.59364821887698,2313.09985058633
40.09707980576487,4523.206251639553
31.310308557402198,-3420.9399278742953
86.79849933304084,413.52356382400694
28.06791410592282,1030.0617509604988
-25.045923603664193,-1187.1315382647917
-50.55332262930816,2319.0959482438575
99.79597838354951,1691.467586538112
-117.22241227958472,-3967.6806511787054
-8.268066988262682,-346.9742672736618
-83.11244700707755,427.1404773187655
-83.92572067547866,2168.3611312074545
-53.47408148940153,1742.2055308440008
57.33112295291824,-199.61594352729958
-34.78734778207059,-2942.657796472507
69.16356864126678,1125.6152740281261
143.56048825380094,1705.8747385820898
-39.700307983366784,-2931.8387405643907
93.73961136246459,-3330.2184295868747
-81.59943464917954,296.47937103946646
-19.541028972957264,-2026.355530928863
34.12645459421241,-3126.3966582637886
36.42384776212961,-2390.3714736145002
-8.720945324842887,179.26649679103863
21.778621116834273,-2757.7141423234807
32.828585052934,1073.0068653788992
14.039133134951564,-851.702259910295
50.29851797076143,4695.672745182248
-74.38634792992687,-1940.5651701124007
-78.84623817604779,-1861.8915998904433
-131.79925285228364,1236.0521065198145
-118.82504228702098,-212.8280396168746
-42.63829543206496,1592.9869405501036
21.327131196965965,-398.65794368265
22.334057888671044,735.6632798044716
58.86163757884948,-45.77109211526184
87.50854668478769,-726.017812328569
19.837901668748206,247.369321182737
-91.32331900797493,-3664.9356601500904
77.27126443798046,1489.4436333333122
21.530294544010072,-616.0884631392759
101.99631662596703,-1985.648250895393
-35.1078117921442,-887.7257378960843
-57.24780690776733,-675.3461605919013
-120.58857459528679,-1291.4475024969781
21.532573982495805,4512.165054675919
-26.23088726402134,-2381.386367077655
0.39261663293548743,519.4335197691572
84.31020739578564,-2440.5190783622775
-32.84549162269165,127.38174646855971
-8.86716919688519,100.9982764993784
95.94428277342104,4833.8931475356
121.02881381236344,433.36730617655076
25.40055954924292,-3110.961381470769
5.568198175556693,572.2505340959088
93.394450997285,788.4999781343192
-31.56650563696047,-2820.8543371484843
-16.930964377568813,1660.730249258845
-110.14904745166422,711.4289101578065
-119.17095737832784,-31.944656031750764
94.0463845507177,486.81801885668307
-44.9791289898391,568.8297793691862
4.581335284757916,-3643.9598520254176
-127.94925844403923,-856.120090093812
-72.36063094832194,2399.4254603052086
-55.01457420640388,-1200.0220997870877
-7.5040794707004075,471.06127449999434
-73.53477398341818,4440.167748118285
23.535948408515097,-2709.6647263704776
-55.12911761755811,-995.1151177127801
-42.80337149061655,-3536.5779963951873
93.07978577674048,-244.89720884637768
1.9816400959819935,-351.2444829574839
90.76958664039847,19.596244266799076
105.21935475526587,-113.99977805281361
138.2406462911053,4911.585196216921
91.89042014128577,210.64316952913498
-58.40945329268396,-45.11468997916352
80.72698016649787,-2618.579114397975
-13.182438195663757,2898.9560433556776
145.75254233350364,-1100.5983183194242
-10.07871636073698,1653.8432589157662
-30.395874077804933,982.0857009286747
-20.00363975018143,830.5952995670236
11.923879027612841,4411.087800476386
70.77902458925072,1326.4461585271488
70.96700792134193,3496.0840724159916
-124.98627178117098,3242.0376292179103
113.95578887731712,2623.588814505169
89.88743029130289,-68.17424034478962
-116.79175901498749,-3656.8444209464164
-25.400140753202187,-3791.2450550613303
49.577691788177184,-2096.4440182096846
-53.789615338112874,1433.2130398415181
50.87531762600325,3163.0792223259523
-57.10254719183109,687.1141119001837
21.490368384656204,-3094.869146345349
47.773811512166176,-292.145678453102
-77.25882469282759,-523.5685615199355
-39.74195890246838,73.92546787674641
-62.863047121077074,-2251.4489183811475
-0.11877041408618538,-2479.96302373708
59.344975068507196,226.51417608969797
-127.84559438105273,-3568.2978327022647
69.33470529182992,1613.168904766298
86.63381877367107,-2321.853764807191
-35.20060823851361,1436.3551286893694
-149.12742036546948,1985.1898233534766
55.99650194280827,-2243.322607249224
-53.405509262702545,391.8989316412273
-20.739842832526904,140.22033336775903
-69.98207662874488,1327.7319274841363
22.758782128470315,845.8356450583576
89.28025052702753,-1088.3952607942952
-171.56552904930467,1443.4899448933877
-62.32463323206409,1291.6151394587393
54.0812521373147,-2090.0526978600305
-23.51815402171438,-1042.2894357963999
40.90053683956043,132.66901074277686
-35.8814421285462,-695.0300548775497
-92.04798956508188,80.07848701433029
27.06844723339215,385.23054436552576
99.19071667322488,316.63002940412326
29.130615376188537,-713.665062674277
-14.232053048151514,2.8503741210036773
75.08946830573478,-264.5375895662337
-8.808393819050181,171.03651889464317
128.62504472378168,-103.02384419619383
12.404896032566318,2956.1697747211633
-50.7608612593212,-967.5873055165112
-85.69603958183238,-2819.8791343592507
-34.55041595665328,-869.3198441165126
17.43102705339537,1845.5161680354868
42.856516918762175,-2689.4915816786847
56.69902097193955,-3200.9679117772207
82.25745811110083,115.42677508966062
76.42502363999027,1233.520935786556
10.239884802242523,-1837.9477076410187
-18.16540081450564,-2582.742029411027
24.11862942227444,-3060.547190527806
-17.989576143289646,1027.0400691736775
-110.1000566794353,1265.4495357856756
50.89562673779514,2073.9815190050977
178.7986582716572,-1314.3135052359019
-28.38807855076029,729.3080675342886
37.34563933607198,-284.5616220440557
-78.68259157268027,-496.68597445408807
-2.7071302637071657,860.9108524236647
-29.772093065523507,2496.5478258468665
38.505593732046634,-878.8874413094177
33.516432034328034,-2590.2858945935723
4.336751511968836,-2707.8760860450884
-9.405123649572843,1690.386259913761
-74.55552340064997,-2756.192952438723
-137.63554229890505,1026.9120183125158
13.508252862349272,-542.4258324089708
-37.01728794827078,-463.21047925396095
66.0360955034833,-1515.767979994257
-20.806554463868604,1782.7695567822811
51.29535116977796,1941.1527182887771
72.29209462056303,-2036.3905707980382
-69.38483710203602,4233.060720625413
78.47005253362217,-2020.9103288500112
25.18877084296429,1306.0772031424267
-39.848725571956955,4105.971517852115
-66.03215040523848,-2304.245017115552
162.52464629347503,-1313.3234035467178
24.55292781362453,-271.2648797932373
5.201196840122915,-3582.8728242667003
-24.625529515633787,-575.9186216521856
-6.385046780281311,-490.40112354051325
-3.938549243393915,1157.0401946442914
-146.80714000736722,2184.398746287688
13.691837927314523,1723.064992599085
-48.02080658522138,2461.700335678403
24.19986478645164,-1771.463605271435
104.44209224919004,3942.3955486053537
49.00498172081214,-177.69390942658947
155.85185777006524,-2505.382719842963
-7.100286001701146,4348.881469444049
52.34390869522503,-2362.0836874402726
16.885753980525365,2937.5991329624403
-37.79895794898105,-967.9007835562829
-0.06818860426128381,-2837.268349827123
56.110771531239074,1577.0864164850332
60.41473789914405,2026.0240465692684
-15.513690410787675,-226.55453192327968
34.694199538675605,-2593.696316589806
80.49895167652892,510.7148911711452
-20.308693699658775,531.6168128455932
-29.074646689053857,4139.892722893414
16.27420158949234,1025.912275772302
-31.31829955216341,-2502.1961909659526
58.81915451551182,596.8327132844012
-3.2319242262361367,4273.118665815375
-70.98503935016649,82.01045437138002
-87.22280964405678,-1277.1910229933922
-166.84881458795368,-4687.351798945897
135.76098645597753,-2668.41421527447
-134.88678061957495,908.8321367379576
-10.911702820415787,1823.2258247082113
-46.40342012398798,2740.9267888813292
-70.26132133240934,-3443.6756405779483
11.763768221793518,-775.3410091753332
35.630285913950814,-2452.423206995055
-26.03436633125949,-249.79766453136452
30.75683282042253,-2509.656221606742
-32.34184802733441,-553.8024628740101
-42.82432345811344,-735.5224391923333
111.1068001970509,148.5553523689317
-88.22214863063171,-1146.1486646299638
-103.70925336858936,-932.0754496305556
7.91257916578994,-420.7631452209109
-5.1333964037397095,2995.8080671773473
-6.054066702111147,-2802.0510315205925
-3.689795772391605,-3750.7219178209366
89.62491604790043,552.3108948121162
-22.804594837214466,70.91721850587744
-91.0078415368681,2632.854813203693
-38.559938824716625,4071.4857390474144
-9.703407488428528,1578.819072691382
65.21542443451763,1923.9480114139185
114.80248609642234,810.5860434540926
5.722312555507161,824.3361077214988
5.146285462380268,-281.53258542950357
-31.52386630204642,-565.864708918088
-12.657873652467082,151.88959028753823
44.13062185041958,1169.185737200613
8.70822136840101,-3469.239561889593
50.108163912108914,-2727.876552456478
36.49810623842686,1432.0637389018943
43.66707423993914,-3079.7793450142844
-3.6119137549892013,-412.4612347443482
-35.29012450714443,-937.9318257182457
91.08099267865661,-2209.0604031210364
-58.504377210356836,1468.1491955718175
59.75676561219921,4454.3831600651265
-20.51674375834359,4420.087969388409
-44.57963045233125,-679.6901380133997
54.740829099939965,-1708.0022501531446
-61.08130896418159,614.0548217555003
52.80676985508219,-2599.9024430661802
-10.0484962497646,-714.0146801307918
70.31789910972527,-319.80407036578316
100.01782237656748,-3329.4537096896433
51.60177126830713,-2651.1839938942944
-90.74752379768624,-99.87274372310338
-9.5328459273655,-1925.1641489267663
96.46387366482908,-568.2567299714201
46.503517140229185,4838.486681504314
-26.145119026148585,-2852.2457632635255
135.14745985477884,830.8752011510513
-35.08847290527253,3949.3118853902947
2.016418677832845,709.5345602923385
-64.46004724546361,-995.6409361472797
-84.02390819523815,-30.498380722354142
-37.51745386790379,567.5822911271617
95.34306098657741,-2284.0822693419905
30.95524501347198,-3513.817633897469
-127.64931738232082,-656.2782008293782
-63.57758687264284,-772.510491803598
14.471358906222306,-71.71694857760998
156.63829004223246,-727.7036385001126
82.63257402712982,-245.8039672842224
123.48199380052328,-2600.5825299991684
-89.47669996287235,-1059.5630341505264
98.0694192238571,1630.6984246429163
14.02403885242143,-3266.8632202161043
-83.31116986934975,695.5497367746276
-67.34459805636611,-2752.5426231856895
-8.097305661605048,-8.553140267209637
4.781039341494523,1131.9667561190142
34.61532388709293,945.6781397168423
-97.76217072018022,-2815.347009462914
-59.96148086872259,1240.2045998267558
6.278478135423083,-2492.654742210941
-4.780613336261904,313.18859132322837
